"ACQUIRING_INSTITUTION","NUMBANKS"
" No Acquirer “,31
" Ameris Bank ",10
" U.S.Bank N.A.",9
" Bank of the Ozarks ",6
" Central Bank ",6
" State Bank  
    and Trust Company ",6
" State Bank  
      and Trust Company ",6
" MB Financial Bank,  
      N.A.",5
" Centennial Bank ",5
" Community and Southern Bank “,8
" CenterState Bank of Florida,  
    N.A.",5
" Stearns Bank,  
      N.A.",5
" Hamilton State Bank ",4
" Simmons First National Bank ",4
" Stonegate Bank ",4
" First - Citizens Bank and Trust Company ",4
" Northbrook Bank and Trust Company ",4
" Sunwest Bank ",4
" First Financial Bank,  
      N.A.",4
" IBERIABANK ",4
" Great Southern Bank ",4
" First Midwest Bank ",4
" Columbia State Bank ",3
" First Michigan Bank ",3
" Florida Community Bank,  
    a division of Premier American Bank,  
    N.A.",3
" Premier American Bank,  
    N.A.",3
" Enterprise Bank and Trust ",3
" First California Bank ",3
" Pacific Western Bank ",3
" EverBank ",3
" 1st United Bank ",3
" Heritage Bank ",3
" Republic Bank of Chicago ",3
" United Bank ",3
" First Federal Bank of Florida ",3
" U.S.Bank,  
      N.A.",3
" First Citizens Bank  
    and Trust Company,  
    Inc.",3
" NAFH National Bank ",3
" TD Bank, N.A.",3
" City National Bank ",3
" Heritage Bank of the South ",3
" CertusBank National Association “,5
" First Bank ",2
" American Momentum Bank ",2
" Rabobank,  
    N.A.",2
" First-Citizens Bank and Trust Company",2
" Beal Bank ",2
" MidFirst Bank ",2
" California Bank and Trust ",2
" Heartland Bank  
    and Trust Company ",2
" Renasant Bank ",2
" Level One Bank ",2
" Westamerica Bank ",2
" Plaza Bank ",2
" Tri Counties Bank ",2
" Valley National Bank",2
" Columbia State Bank",2
" International Bank of Chicago ",2
" Capital Bank,  
    N.A.",2
" Bank Midwest,  
    N.A.",2
" CharterBank ",2
" U.S.Bank,  
    N.A.",2
" Fidelity Bank ",2
" Nevada State Bank ",2
" Mutual of Omaha Bank ",2
" First Southern Bank ",2
" Home Federal Bank ",2
" Umpqua Bank ",2
" East West Bank ",2
" Premier American Bank, N.A.",2
" Republic Bank of Chicago",2
" Stearns Bank N.A.",2
" Herring Bank ",2
" Regions Bank ",2
" Pacific Premier Bank ",2
" OneWest Bank, FSB",2
" Seaway Bank  
    and Trust Company ",2
" Umpqua Bank",2
" Metcalf Bank ",2
" The Huntington National Bank ",2
" SCBT National Association ",2
" Stearns Bank,  
    N.A.",2
" Midland States Bank ",2
"  
    Union  
      Bank,  
      N.A.",2
" Centennial Bank",2
" Branch Banking and Trust Company,  
      (BB and T) ",2
" Bank of Essex ",2
" Republic Bank and Trust Company ",2
" Bank of North Carolina ",2
" Sonabank ",2
" Cache Valley Bank ",2
" Georgia Commerce Bank ",2
" Whidbey Island Bank ",2
" Bank of Marin ",1
" BankSouth ",1
" McFarland State Bank ",1
" FirstMerit Bank,  
    N.A.",1
" Bank of Ann Arbor ",1
" Harris N.A.",1
" People s United Bank",1
" The National Bank and Trust Company",1
" Sunflower Bank, N.A.",1
" Washington Federal Savings and Loan Association",1
" The Independent BankersBank (TIB) ",1
" Bay Bank, FSB",1
" First Federal Bank of Florida",1
" SmartBank ",1
" Hinsdale Bank and Trust Company ",1
" First National Bank of the Gulf Coast ",1
" Regional Missouri Bank ",1
" F and M Bank ",1
" Grinnell State Bank ",1
" Century Bank of Georgia ",1
" Northfield Bank ",1
" Points West Community Bank ",1
" Legacy Bank ",1
" CorTrust Bank N.A.",1
" CenterState Bank of Florida,  
      N.A.",1
" The Pecos County State Bank ",1
" Prosperity Bank ",1
" Fifth Third Bank ",1
" Liberty Bank  
      and Trust Company ",1
"  
    Union  
      State Bank ",1
" Hudson United Bank ",1
" The Security State Bank of Pecos ",1
" The Pauls Valley National Bank ",1
" First State Bank ",1
" North Shore Bank,  
    FSB ",1
" Customers Bank ",1
" Urban Partnership Bank ",1
" South Valley Bank and Trust ",1
" RCB Bank ",1
" The Jefferson Bank ",1
" Bank of Upson",1
" United Valley Bank",1
" Alva State Bank and Trust Company",1
"BancFirst",1
" CB and S Bank, 
Inc.",1
" First Tennessee Bank, 
National Association ",1
" Western State Bank ",1
" HeritageBank of the South ",1
" Heartland Bank 
and Trust Company ",1
" Old Plank Trail Community Bank, 
National Association ",1
" Southern Bank  
    and Trust Company ",1
" Sabadell United Bank,  
    N.A.",1
" Central Bank of Kansas City ",1
" Central Bank and Trust ",1
" Kitsap Bank ",1
" Northeast Georgia Bank ",1
" Chicago Community Bank ",1
" Bank of the Orient ",1
" Peoples Bank of East Tennessee ",1
" Grandpoint Bank ",1
" Hillcrest Bank,  
    N.A.",1
" Providence Bank ",1
" The Savannah Bank,  
    N.A.",1
" Community First Bank ",1
" Center Bank ",1
" FirstMerit Bank, N.A.",1
" Great Southern Bank",1
" WashingtonFirst Bank",1
" Harbor Community Bank ",1
" First Community Bank ",1
" First NBC Bank ",1
" American First National Bank ",1
" Old National Bank ",1
" Morton Community Bank ",1
" North Jersey Community Bank ",1
" First Federal Savings  
      and Loan Association ",1
" Washington Trust Bank of Spokane ",1
" First International Bank  
      and Trust ",1
" Security Bank ",1
" Allegheny Valley Bank of Pittsburgh ",1
" Earthstar Bank ",1
" Bank Leumi USA ",1
" Superior Federal,  
      FSB ",1
" Banterra Bank of Marion ",1
" Talmer Bank and Trust ",1
" AloStar Bank of Commerce ",1
" Advantage National Bank Group ",1
" Royal Bank ",1
" VIST Bank ",1
" Manufacturers  
    and Traders Trust Company (M and T Bank) ",1
" GBC International Bank ",1
" River Community Bank,  
    N.A.",1
" Bay Bank,  
    FSB ",1
" Oriental Bank  
      and Trust ",1
" Citizens South Bank",1
" Heritage Bank of Nevada",1
" City National Bank",1
" Arvest Bank ",1
"United Fidelity Bank, fsb",1
" First Fidelity Bank, 
National Association ",1
" Nicolet National Bank ",1
" North Shore Bank, 
FSB ",1
" Your Community Bank ",1
" Southern States Bank ",1
" Banesco USA ",1
" Barrington Bank and Trust Company,  
    National Association ",1
" Washington Federal ",1
" Summit Bank ",1
" Premier Bank ",1
" Inland Bank and Trust ",1
" First American Bank  
    and Trust Company ",1
" PNC Bank,  
      N.A.",1
" State Bank of Texas ",1
" The Harvard State Bank ",1
" Wilshire State Bank ",1
" Citizens Bank ",1
" Citizens Bank and Trust ",1
" Israel Discount Bank of New York ",1
" Trustmark National Bank ",1
" Citizens South Bank ",1
" New Century Bank ",1
" First American Bank ",1
" Coulee Bank ",1
" Home Bank",1
" Sunwest Bank",1
" Liberty Bank 
and Trust Company ",1
" Bank of Sullivan ",1
" Alma Bank ",1
" Blackhawk Bank and Trust ",1
" MB Financial Bank,  
    N.A.",1
" Alerus Financial,  
    N.A.",1
" Great American Bank ",1
" BBVA Compass ",1
" The PrivateBank  
      and Trust Company ",1
" BankUnited ",1
" Monroe Bank and Trust ",1
" OneWest Bank,  
      FSB ",1
" ING DIRECT ",1
" Hancock Bank of Florida ",1
" The State Bank and Trust Company ",1
" Southern New Hampshire Bank and Trust ",1
" Superior Bank,  
    National Association ",1
" Farmers and Merchants Savings Bank ",1
" Morris Bank ",1
" Bay Cities Bank ",1
" Foundation Bank ",1
" The Bennington State Bank ",1
" Great Western Bank ",1
" BankLiberty ",1
" Wheaton Bank and Trust ",1
" Northern State Bank",1
" First Citizens Bank",1
" Charter Bank",1
" Landmark Bank, National Association",1
" Palmetto State Bank",1
" C1 Bank ",1
" Capital Bank, 
N.A.",1
" First Scottsdale Bank, 
National Association ",1
" First Minnesota Bank ",1
" Xenith Bank ",1
" The Foothills Bank ",1
" Tri City National Bank ",1
" United Central Bank ",1
" Crown Bank ",1
" Galena State Bank  
      and Trust Company ",1
" State Bank of Lincoln ",1
" Bank of Kansas ",1
" United Community Bank ",1
" TIB Bank ",1
" Pulaski Bank  
      and Trust Company ",1
" Southern Bank ",1
" Polonia Bank ",1
" Roundbank ",1
" Commercial Bank ",1
" PrinsBank ",1
" Banco Popular de Puerto Rico ",1
" Scotiabank de Puerto Rico ",1
" Bank of North Carolina",1
" New York Community Bank",1
" Bank of the Ozarks",1
" Community National Bank",1
" Mutual of Omaha Bank",1
" Community Development Bank, FSB",1
" SCBT National Association",1
" First State Bank of St. Joseph",1
" First American Bank",1
" Spirit of Texas Bank, SSB",1
" PlainsCapital Bank",1
" Synovus Bank ",1
" Clayton Bank 
and Trust ",1
" Metro City Bank ",1
" Liberty Bank  
    and Trust Company ",1
" Citizens Business Bank ",1
" Evans Bank,  
      N.A.",1
" Alerus Financial,  
      N.A.",1
" JP Morgan Chase Bank ",1
" The Citizens Savings Bank,  
      Pioneer Community Bank,  
      Inc.",1
" SunTrust Bank ",1
" The Citizens Banking Company ",1
" The Park Bank ",1
" Sabine State Bank and Trust ",1
" North Valley Bank ",1
" Bank 7 ",1
" Commerce Bank of Arizona ",1
" CharterBank",1
" Heartland Bank and Trust Company",1
" Hancock Bank ",1
" First Choice Bank",1
" FirstAtlantic Bank ",1
" First Federal Bank ",1
" First Merchants Bank,  
    National Association ",1
" First Resource Bank ",1
" New York Community Bank ",1
" Manufacturers  
      and Traders Trust Company (M and T Bank) ",1
" First American Bank  
      and Trust Company ",1
" The First National Bank of Beardstown ",1
" Bank of North Georgia ",1
" Bank of Nevada ",1
" The Carlinville National Bank ",1
" National Bank ",1
" Far West Bank ",1
" Delta Trust and Bank ",1
